[
  {"name": "Colombo", "lat": 6.9271, "lng": 79.8612},
  {"name": "Kandy", "lat": 7.2906, "lng": 80.6337},
  {"name": "Galle", "lat": 6.0535, "lng": 80.221},
  {"name": "Jaffna", "lat": 9.6615, "lng": 80.0255},
  {"name": "Negombo", "lat": 7.2083, "lng": 79.8358},
  {"name": "Anuradhapura", "lat": 8.3114, "lng": 80.4037},
  {"name": "Trincomalee", "lat": 8.5874, "lng": 81.2152},
  {"name": "Batticaloa", "lat": 7.731, "lng": 81.6747},
  {"name": "Ratnapura", "lat": 6.6828, "lng": 80.3992},
  {"name": "Matara", "lat": 5.9496, "lng": 80.5469}
]